型号,产品名称,品类,官网链接,建议合集,合集ID,合并依据,核查状态,补充依据链接
FW312,Shark CryoGlow LED Face Mask,光疗面罩,https://www.sharkninja.com/shark-cryoglow-red-blue-infrared-iqled-face-mask-under-eye-cooling---rose-glow/FW312PK.html,CryoGlow LED Face Mask,fw-cryoglow,FW312 基础款与充电底座套装。,建议合并，待平台核查,
FW312S,Shark CryoGlow LED Face Mask & Charging Stand in Blue,光疗面罩,https://www.sharkninja.com/shark-cryoglow-red-blue-infared-led-face-mask-blue/FW312S.html,CryoGlow LED Face Mask,fw-cryoglow,FW312 基础款与充电底座套装。,建议合并，待平台核查,
FW350,Shark CryoGlow Plus Anti-Aging LED Face Mask,光疗面罩,https://www.sharkninja.com/shark-cryoglow-plus-anti-aging-led-face-mask-pastel-berry/FW350PK.html,,,,暂不合并,
AB2000J,Shark BlastBoss コードレスブロワー AB2000J,吹叶机,https://www.sharkninja.jp/products/ab2000j,BlastBoss,ab-blastboss,官方发布的同系列主机与附件配置。,建议合并，待平台核查,https://www.sharkninja.jp/blogs/news/20260709-01
AB2111J,Shark BlastBoss コードレスブロワー AB2111J,吹叶机,https://www.sharkninja.jp/products/ab2111j,BlastBoss,ab-blastboss,官方发布的同系列主机与附件配置。,建议合并，待平台核查,https://www.sharkninja.jp/blogs/news/20260709-01
HD542,Shark SpeedStyle Hair Dryer ProFlex,吹风机,https://www.sharkninja.com/shark-speedstyle-hair-dryer-proflex-strawberry-matcha/HD542PK1.html,,,,暂不合并,
HD542UK-MASTER,Shark SpeedStyle Pro FLEX 4-in-1 High-Velocity Hair Dryer System,吹风机,https://www.sharkninja.co.uk/shark-speedstyle-pro-flex-4-in-1-high-velocity-hair-dryer-system-hd542uk/HD542UK.html,,,,暂不合并,
HD700-BYOB,Build Your Own Shark SpeedStyle Pro Hair Dryer,吹风机,https://www.sharkninja.com/build-your-own-shark-speedstyle-pro/HD700-byob.html,,,,暂不合并,
HD701UK,Shark SpeedStyle Pro High-Velocity Hair Dryer System HD701UK,吹风机,https://www.sharkninja.co.uk/shark-speedstyle-pro-high-velocity-hair-dryer-system-hd701uk/HD701UK.html,,,,暂不合并,
HD731,Shark SpeedStyle Hair Dryer,吹风机,https://www.sharkninja.com/shark-speedstyle-pro-hair-dryer-straight-wavy/HD731.html,,,,暂不合并,
HD731UK,Shark SpeedStyle Pro 3-in-1 High-Velocity Hair Dryer System for Straight & Wavy Hair HD731UK,吹风机,https://www.sharkninja.co.uk/shark-speedstyle-pro-3-in-1-high-velocity-hair-dryer-system-for-straight-wavy-hair-hd731uk/HD731UK.html,,,,暂不合并,
HD752UK,Shark SpeedStyle Pro 5-in-1 High-Velocity Hair Dryer System HD752UK,吹风机,https://www.sharkninja.co.uk/shark-speedstyle-pro-5-in-1-high-velocity-hair-dryer-system-hd752uk/HD752UK.html,,,,暂不合并,
EX150UK,Shark CarpetXpert Deep Carpet Cleaner EX150UK,布艺清洗机,https://www.sharkninja.co.uk/shark-carpetxpert-deep-carpet-cleaner-ex150uk/EX150UK.html,CarpetXpert Deep,ex-150,EX150 基础型号与配色变体。,建议合并，待平台核查,
EX150UKCP,Shark CarpetXpert Deep Carpet Cleaner - EX150UKCP,布艺清洗机,https://www.sharkninja.co.uk/shark-carpetxpert-deep-carpet-cleaner-ex150ukcp/EX150UKCP.html,CarpetXpert Deep,ex-150,EX150 基础型号与配色变体。,建议合并，待平台核查,
EX200UK,Shark CarpetXpert Deep Carpet Cleaner with Built-In StainStriker EX200UK,布艺清洗机,https://www.sharkninja.co.uk/shark-carpetxpert-deep-carpet-cleaner-with-built-in-stainstriker-ex200uk/EX200UK.html,,,,暂不合并,
EX201,Shark CarpetXpert Carpet Cleaner,布艺清洗机,https://www.sharkninja.com/shark-carpetxpert-with-stainstriker-upright-deep-carpet-cleaner/EX201.html,,,,暂不合并,
EX220UK,Shark CarpetXpert HairPro Pet Deep Carpet Cleaner EX220UK,布艺清洗机,https://www.sharkninja.co.uk/shark-carpetxpert-hairpro-pet-deep-carpet-cleaner-ex220uk/EX220UK.html,,,,暂不合并,
EX250UK,Shark CarpetXpert HairPro Pet Carpet Cleaner EX250UK,布艺清洗机,https://www.sharkninja.co.uk/shark-carpetxpert-hairpro-pet-carpet-cleaner-ex250uk/EX250UK.html,,,,暂不合并,
EX300UK,Shark CarpetXpert HairPro Pet Deep Carpet Cleaner with Built-In StainStriker EX300UK,布艺清洗机,https://www.sharkninja.co.uk/shark-carpetxpert-hairpro-pet-deep-carpet-cleaner-with-built-in-stainstriker-ex300uk/EX300UK.html,,,,暂不合并,
EX301,Shark CarpetXpert HairPro Carpet Cleaner,布艺清洗机,https://www.sharkninja.com/shark-carpetxpert-hairpro-with-stainstriker/EX301.html,,,,暂不合并,
EX500,Shark CarpetForce Upright Carpet Cleaner,布艺清洗机,https://www.sharkninja.com/shark-carpetforce-upright-carpet-cleaner/EX500.html,CarpetForce Upright,ex-force,EX500 系列跨市场基础配置。,建议合并，待平台核查,
EX500UK,Shark CarpetForce Upright Carpet Cleaner,布艺清洗机,https://www.sharkninja.co.uk/shark-carpetforce-upright-carpet-cleaner/EX500UK.html,CarpetForce Upright,ex-force,EX500 系列跨市场基础配置。,建议合并，待平台核查,
EX502,Shark CarpetForce Upright Carpet Cleaner,布艺清洗机,https://www.sharkninja.com/shark-carpetforce-upright-carpet-cleaner/EX502.html,CarpetForce Upright,ex-force,EX500 系列跨市场基础配置。,建议合并，待平台核查,
EX550UKCP,Shark CarpetForce HairPro Upright Carpet Cleaner - Copper,布艺清洗机,https://www.sharkninja.co.uk/shark-carpetforce-hairpro-upright-carpet-cleaner---copper/EX550UKCP.html,CarpetForce HairPro,ex-force-hairpro,EX55 HairPro 系列跨市场／配色配置。,建议合并，待平台核查,
EX550UKT,Shark CarpetForce HairPro Upright Carpet Cleaner,布艺清洗机,https://www.sharkninja.co.uk/shark-carpetforce-hairpro-upright-carpet-cleaner/EX550UKT.html,CarpetForce HairPro,ex-force-hairpro,EX55 HairPro 系列跨市场／配色配置。,建议合并，待平台核查,
EX551,Shark CarpetForce HairPro Upright Carpet Cleaner,布艺清洗机,https://www.sharkninja.com/shark-carpetforce-hairpro-upright-carpet-cleaner-copper/EX551.html,CarpetForce HairPro,ex-force-hairpro,EX55 HairPro 系列跨市场／配色配置。,建议合并，待平台核查,
HX100J,Shark StainForce コードレスシミ取りクリーナー HX100J,布艺清洗机,https://www.sharkninja.jp/products/hx100j,,,,暂不合并,
HX101,Shark StainForce Portable Spot Cleaner and Stain Cleaner,布艺清洗机,https://www.sharkninja.com/shark-stainforce-cordless-portable-spot-spill-cleaner/HX101.html,,,,暂不合并,
PX200UK,Shark StainStriker Stain & Spot Cleaner PX200UK,布艺清洗机,https://www.sharkninja.co.uk/shark-stainstriker-stain-spot-cleaner-px200uk/PX200UK.html,StainStriker,px-stainstriker,PX20 StainStriker 跨市场、Pet 与配色配置。,建议合并，待平台核查,
PX200UKCP,Shark StainStriker Stain & Spot Cleaner - PX200UKCP,布艺清洗机,https://www.sharkninja.co.uk/shark-stainstriker-stain-spot-cleaner-px200ukcp/PX200UKCP.html,StainStriker,px-stainstriker,PX20 StainStriker 跨市场、Pet 与配色配置。,建议合并，待平台核查,
PX200UKDB,Shark Deluxe Black StainStriker Stain & Spot Cleaner PX200UKDB,布艺清洗机,https://www.sharkninja.co.uk/shark-deluxe-black-stainstriker-stain-spot-cleaner-px200ukdb/PX200UKDB.html,StainStriker,px-stainstriker,PX20 StainStriker 跨市场、Pet 与配色配置。,建议合并，待平台核查,
PX200UKT-MASTER,Shark StainStriker Pet Stain & Spot Cleaner PX200UKT,布艺清洗机,https://www.sharkninja.co.uk/shark-stainstriker-pet-stain-spot-cleaner-px200ukt/PX200UKT.html,StainStriker,px-stainstriker,PX20 StainStriker 跨市场、Pet 与配色配置。,建议合并，待平台核查,
PX201,Shark StainStriker Portable Carpet and Furniture Cleaner,布艺清洗机,https://www.sharkninja.com/shark-stainstriker-portable-carpet-upholstery-cleaner/PX201.html,StainStriker,px-stainstriker,PX20 StainStriker 跨市场、Pet 与配色配置。,建议合并，待平台核查,
PX250UKT-MASTER,Shark StainStriker HairPro Pet Stain & Spot Cleaner PX250UKT,布艺清洗机,https://www.sharkninja.co.uk/shark-stainstriker-hairpro-pet-stain-spot-cleaner-px250ukt/PX250UKT.html,StainStriker HairPro,px-stainstriker-hairpro,PX25 HairPro 跨市场配置。,建议合并，待平台核查,
PX251,Shark StainStriker Hairpro Pet Carpet Cleaner,布艺清洗机,https://www.sharkninja.com/shark-stainstriker-hairpro-portable-spot-stain-deep-cleaner/PX251.html,StainStriker HairPro,px-stainstriker-hairpro,PX25 HairPro 跨市场配置。,建议合并，待平台核查,
VX101,Shark EveryMess Vacuum and Stain Remover,布艺清洗机,https://www.sharkninja.com/shark-everymess-corded-portable-wet-dry-vac-and-stain-remover-light-blue/VX101.html,,,,暂不合并,
VX110UK,"Shark EveryMess Portable 3-in-1 Stain Eliminator, Wet Vac & Dry Vac",布艺清洗机,https://www.sharkninja.co.uk/shark-everymess-portable-3-in-1-stain-eliminator-wet-vac-dry-vac/VX110UK.html,,,,暂不合并,
BH102,Shark PowerBoost Cordless Handheld Vacuum,手持吸尘器,https://www.sharkninja.com/shark-powerboost-cordless-2-in-1-carhome-handheld-powervac/BH102.html,,,,暂不合并,
BH102UK,Shark PowerBoost Pet Cordless 2-in-1 Car & Home Handheld Power Vacuum,手持吸尘器,https://www.sharkninja.co.uk/shark-powerboost-pet-cordless-2-in-1-car-home-handheld-power-vacuum/BH102UK.html,,,,暂不合并,
CH901J,Shark 充電式サイクロンハンディクリーナー CH901J,手持吸尘器,https://www.sharkninja.jp/products/ch901j,,,,暂不合并,
CH901UK,Shark UltraCyclone Pro Cordless Handheld Vacuum CH901UK,手持吸尘器,https://www.sharkninja.co.uk/shark-ultracyclone-pro-cordless-handheld-vacuum-ch901uk/CH901UK.html,,,,暂不合并,
CH950UKT,Shark UltraCyclone Pet Pro+ Cordless Handheld Vacuum CH950UKT,手持吸尘器,https://www.sharkninja.co.uk/shark-ultracylone-pet-pro--cordless-handheld-vacuum-ch950ukt/CH950UKT.html,,,,暂不合并,
CH951,Shark UltraCyclone Pet Pro Cordless Handheld Vacuum,手持吸尘器,https://www.sharkninja.com/shark-ultracyclone-pet-pro-cordless-handheld-vacuum/CH951.html,,,,暂不合并,
CH951J,Shark 充電式サイクロンハンディクリーナー CH951J,手持吸尘器,https://www.sharkninja.jp/products/ch951j,,,,暂不合并,
CH951UKBR,"Shark Handheld Cordless Vacuum Cleaner with Pet Tool, Crevice Tool & Dusting Brush - CH951UKBR",手持吸尘器,https://www.sharkninja.co.uk/shark-handheld-cordless-vacuum-cleaner-with-pet-tool-crevice-tool-dusting-brush---ch951ukbr/CH951UKBR.html,,,,暂不合并,
WV201,Shark WandVac Cordless Handheld Vacuum,手持吸尘器,https://www.sharkninja.com/shark-wandvac-cordless-handheld-vacuum/WV201.html,,,,暂不合并,
WV270J,Shark EVOPOWER W25 充電式ハンディクリーナー,手持吸尘器,https://www.sharkninja.jp/products/wv270j,,,,暂不合并,
WV270UK-MASTER,Shark WandVac Cordless Handheld Vacuum Cleaner WV270UK,手持吸尘器,https://www.sharkninja.co.uk/shark-wandvac-cordless-handheld-vacuum-cleaner-wv270uk/WV270UK.html,,,,暂不合并,
WV280J,Shark EVOPOWER W35 充電式ハンディクリーナー,手持吸尘器,https://www.sharkninja.jp/products/wv280j,,,,暂不合并,
WV410BL,Shark WandVac Power Pet Max Cordless Handheld Vacuum,手持吸尘器,https://www.sharkninja.com/shark-wandvac-power-pet-cordless-handheld-vacuum/WV410BL.html,,,,暂不合并,
WV501UK-MASTER,Shark WandVac Deluxe Pet Pro Cordless Handheld Vacuum,手持吸尘器,https://www.sharkninja.co.uk/shark-wandvac-deluxe-pet-pro-cordless-handheld-vacuum-stone-grey/WV501UK.html,,,,暂不合并,
WV515J,Shark EVOPOWER DX  充電式ハンディクリーナー WV515J,手持吸尘器,https://www.sharkninja.jp/products/wv515j,EVOPOWER DX,wv-dx,同系列 WV51 相邻配置型号。,建议合并，待平台核查,
WV516J,Shark EVOPOWER DX  充電式ハンディクリーナー WV516J,手持吸尘器,https://www.sharkninja.jp/products/wv516j,EVOPOWER DX,wv-dx,同系列 WV51 相邻配置型号。,建议合并，待平台核查,
WV517J,Shark EVOPOWER DX  充電式ハンディクリーナー WV517J,手持吸尘器,https://www.sharkninja.jp/products/wv517j,EVOPOWER DX,wv-dx,同系列 WV51 相邻配置型号。,建议合并，待平台核查,
AV2800ZEUKWH,Shark PowerDetect NeverTouch Pro 2-in-1 Robot Vacuum and Mop,扫地机器人,https://www.sharkninja.co.uk/shark-powerdetect-nevertouch-pro-2-in-1-robot-vacuum-and-mop/AV2800ZEUKWH.html,,,,暂不合并,
AV2810ZEUKWH,Shark PowerDetect 2-in-1 Robot Vacuum and Mop AV2810ZEUKWH,扫地机器人,https://www.sharkninja.co.uk/shark-powerdetect-2-in-1-robot-vacuum-and-mop-av2810zeukwh/AV2810ZEUKWH.html,,,,暂不合并,
AV2820AE,Shark PowerDetect Robot,扫地机器人,https://www.sharkninja.com/shark-powerdetect-robot/AV2820AE.html,,,,暂不合并,
AV2820VEUKWH,Shark PowerDetect Self-Empty Robot Vacuum AV2820VEUKWH,扫地机器人,https://www.sharkninja.co.uk/shark-powerdetect-self-empty-robot-vacuum-av2820veukwh/AV2820VEUKWH.html,,,,暂不合并,
AV2820ZEUKWH,"Shark Robot Vacuum & Mop Combo, PowerDetect NeverTouch Pro",扫地机器人,https://www.sharkninja.co.uk/shark-robot-vacuum-mop-combo-powerdetect-nevertouch-pro/AV2820ZEUKWH.html,,,,暂不合并,
AV2910XEUKWH,Shark ThermaCharged PowerDetect Wet & Dry Robot Vacuum AV2910XEUKWH,扫地机器人,https://www.sharkninja.co.uk/shark-thermacharged-powerdetect-wet-dry-robot-vacuum-av2910xeukwh/AV2910XEUKWH.html,,,,暂不合并,
AV3010XEUKWH,Shark PowerDetect UV Reveal 2-in-1 Vac & Mop Robot Vacuum – White,扫地机器人,https://www.sharkninja.co.uk/shark-powerdetect-uv-reveal-2-in-1-vac-mop-robot-vacuum-white/AV3010XEUKWH.html,,,,暂不合并,
AV3020XEUK,Shark PowerDetect UV Reveal 2-in-1 Vac & Mop Robot Vacuum,扫地机器人,https://www.sharkninja.co.uk/shark-powerdetect-uv-reveal-2-in-1-vac-mop-robot-vacuum-white/AV3020XEUK.html,,,,暂不合并,
RV2110AEUK,Shark Navigator Robot Vacuum & Self-Empty Base RV2110AEUK,扫地机器人,https://www.sharkninja.co.uk/shark-navigator-robot-vacuum-self-empty-base-rv2110aeuk/RV2110AEUK.html,Navigator 扫地机器人,rv-navigator,用户红框圈选：Navigator 基础款与自动集尘底座配置合并，型号细节保留在卡片中。,用户确认合并,
RV2120AE,Shark Navigator Robot Vacuum,扫地机器人,https://www.sharkninja.com/shark-navigator-robot-vacuum-self-empty-base/RV2120AE.html,Navigator 扫地机器人,rv-navigator,用户红框圈选：Navigator 基础款与自动集尘底座配置合并，型号细节保留在卡片中。,用户确认合并,
RV2310AE,Shark Matrix Robot Vacuum,扫地机器人,https://www.sharkninja.com/shark-matrix-self-empty-robot-vacuum/RV2310AE.html,Matrix / Matrix Plus 扫地机器人,rv-matrix,用户绿框圈选：Matrix 与 Matrix Plus 跨市场及洗地、自动集尘配置合并，功能差异保留在卡片中。,用户确认合并,
RV2610WA,Shark Matrix Plus 2-in-1 Robot Vacuum and Mop,扫地机器人,https://www.sharkninja.com/shark-matrix-plus-2-in-1-self-empty-robot-vacuum-and-mop/RV2610WA.html,Matrix / Matrix Plus 扫地机器人,rv-matrix,用户绿框圈选：Matrix 与 Matrix Plus 跨市场及洗地、自动集尘配置合并，功能差异保留在卡片中。,用户确认合并,
RV2620WAUK-MASTER,Shark Matrix Plus 2-in-1 Self-Empty Robot Vacuum & Mop,扫地机器人,https://www.sharkninja.co.uk/shark-matrix-plus-2-in-1-self-empty-robot-vacuum-mop-rv2620wauk/RV2620WAUK.html,Matrix / Matrix Plus 扫地机器人,rv-matrix,用户绿框圈选：Matrix 与 Matrix Plus 跨市场及洗地、自动集尘配置合并，功能差异保留在卡片中。,用户确认合并,
RV2620WDUK-MASTER,Shark Matrix Plus 2-in-1 Robot Vacuum & Mop,扫地机器人,https://www.sharkninja.co.uk/shark-matrix-plus-2-in-1-robot-vacuum-mop-rv2620wduk/RV2620WDUK.html,Matrix / Matrix Plus 扫地机器人,rv-matrix,用户绿框圈选：Matrix 与 Matrix Plus 跨市场及洗地、自动集尘配置合并，功能差异保留在卡片中。,用户确认合并,
RV2720ZE,Shark Stratos 2-in-1 Robot Vacuum and Mop,扫地机器人,https://www.sharkninja.com/shark-stratos-nevertouch-2-in-1-robot-vacuum-mop/RV2720ZE.html,,,,暂不合并,
RV2800ZEUK-MASTER,"Shark PowerDetect NeverTouch Pro 2-in-1 Self-Empty, Self-Refill & Self-Clean Robot Vacuum & Mop",扫地机器人,https://www.sharkninja.co.uk/shark%C2%A0powerdetect-nevertouch-pro-2-in-1-self-empty-self-refill-self-clean-robot-vacuum-mop/RV2800ZEUK-MASTER.html,PowerDetect 扫地机器人,rv-powerdetect,用户蓝框圈选：PowerDetect NeverTouch Pro 与 ThermaCharged 合并，充电、自动清洁和市场配置差异保留在卡片中。,用户确认合并,
RV2820ZE,Shark PowerDetect NeverTouch Pro Robot Vacuum and Mop,扫地机器人,https://www.sharkninja.com/shark-powerdetect-2-in-1-robot-vacuum-and-mop-with-nevertouch-pro-base/RV2820ZEWH.html,PowerDetect 扫地机器人,rv-powerdetect,用户蓝框圈选：PowerDetect NeverTouch Pro 与 ThermaCharged 合并，充电、自动清洁和市场配置差异保留在卡片中。,用户确认合并,
RV2900XEUK-MASTER,Shark ThermaCharged PowerDetect Wet & Dry Robot Vacuum,扫地机器人,https://www.sharkninja.co.uk/shark-thermacharged-powerdetect-wet-dry-robot-vacuum/RV2900XEUK-MASTER.html,,,,暂不合并,
RV2920XE,Shark PowerDetect ThermaCharged Robot Vacuum and Mop,扫地机器人,https://www.sharkninja.com/rv2900xe-series-robot/RV2920XE.html,PowerDetect 扫地机器人,rv-powerdetect,用户蓝框圈选：PowerDetect NeverTouch Pro 与 ThermaCharged 合并，充电、自动清洁和市场配置差异保留在卡片中。,用户确认合并,
RVD120X1JP,Shark Zen Pro D10 ロボット掃除機,扫地机器人,https://www.sharkninja.jp/products/rvd120x1jp,,,,暂不合并,
BU1621,Shark PowerLite Cordless Stick Vacuum,无线吸尘器,https://www.sharkninja.com/shark-powerlite-cordless-stick-vacuum/BU1621.html,PowerLite / Clean & Empty,bu-empty,用户圈选：PowerLite 基础款与 Clean & Empty 自动集尘配置合并。,用户确认合并,
BU3521,Shark Cordless Stick Vacuum Clean & Empty System,无线吸尘器,https://www.sharkninja.com/shark-clean-empty-cordless-stick-vacuum-auto-empty-system/BU3521.html,PowerLite / Clean & Empty,bu-empty,用户圈选：PowerLite 基础款与 Clean & Empty 自动集尘配置合并。,用户确认合并,
BU3621UKT,Shark PowerLite Clean & Empty Pet Cordless Vacuum – BU3621UKT,无线吸尘器,https://www.sharkninja.co.uk/shark-powerlite-clean-empty-pet-cordless-vacuum-bu3621ukt/BU3621UKT.html,PowerLite / Clean & Empty,bu-empty,用户圈选：PowerLite 基础款与 Clean & Empty 自动集尘配置合并。,用户确认合并,
BU3626,Shark PowerLite Cordless Vacuum Clean & Empty System,无线吸尘器,https://www.sharkninja.com/shark-powerlite-clean-empty/BU3626.html,PowerLite / Clean & Empty,bu-empty,用户圈选：PowerLite 基础款与 Clean & Empty 自动集尘配置合并。,用户确认合并,
CH966J,Shark 充電式サイクロンスティッククリーナー CH966J,无线吸尘器,https://www.sharkninja.jp/products/ch966j,,,,暂不合并,
CS100J,Shark EVOPOWER SYSTEM STD コードレススティッククリーナー CS100J,无线吸尘器,https://www.sharkninja.jp/products/cs100j,EVOPOWER SYSTEM STD / STD+ / ADV,cs-std,用户圈选：STD、STD+ 与 ADV 合为同一 EVOPOWER SYSTEM 合集，具体配置保留在型号卡片中。,用户确认合并,
CS102J,Shark EVOPOWER SYSTEM STD コードレススティッククリーナー CS102J,无线吸尘器,https://www.sharkninja.jp/products/cs102j,EVOPOWER SYSTEM STD / STD+ / ADV,cs-std,用户圈选：STD、STD+ 与 ADV 合为同一 EVOPOWER SYSTEM 合集，具体配置保留在型号卡片中。,用户确认合并,
CS150JAE,Shark EVOPOWER SYSTEM STD+ コードレススティッククリーナー CS150JAE,无线吸尘器,https://www.sharkninja.jp/products/cs150jae,EVOPOWER SYSTEM STD / STD+ / ADV,cs-std,用户圈选：STD、STD+ 与 ADV 合为同一 EVOPOWER SYSTEM 合集，具体配置保留在型号卡片中。,用户确认合并,
CS601J,Shark EVOPOWER SYSTEM ADV コードレススティッククリーナー CS601J,无线吸尘器,https://www.sharkninja.jp/products/cs601j,EVOPOWER SYSTEM STD / STD+ / ADV,cs-std,用户圈选：STD、STD+ 与 ADV 合为同一 EVOPOWER SYSTEM 合集，具体配置保留在型号卡片中。,用户确认合并,
IA1241,Shark PowerDetect Speed Cordless Vacuum,无线吸尘器,https://www.sharkninja.com/shark-powerdetect-speed-cordless-stick-vacuum/IA1241.html,PowerDetect Speed / Clean & Empty,ia-speed,用户圈选：PowerDetect Speed 基础款与 Clean & Empty 自动集尘配置合并。,用户确认合并,
IA1241UK-MASTER,Shark PowerDetect Speed Cordless Vacuum,无线吸尘器,https://www.sharkninja.co.uk/shark-powerdetect-speed-cordless-vacuum-ultramarine-ia1241uk/IA1241UK.html,PowerDetect Speed / Clean & Empty,ia-speed,用户圈选：PowerDetect Speed 基础款与 Clean & Empty 自动集尘配置合并。,用户确认合并,
IA1241UKPU,Shark PowerDetect Speed Cordless Vacuum – Royal Grey,无线吸尘器,https://www.sharkninja.co.uk/shark-powerdetect-speed-cordless-vacuum-royal-grey/IA1241UKPU.html,PowerDetect Speed / Clean & Empty,ia-speed,用户圈选：PowerDetect Speed 基础款与 Clean & Empty 自动集尘配置合并。,用户确认合并,
IA3241,Shark PowerDetect Speed Cordless Vacuum Clean & Empty System,无线吸尘器,https://www.sharkninja.com/shark-powerdetect-speed-clean-empty-system/IA3241.html,PowerDetect Speed / Clean & Empty,ia-speed,用户圈选：PowerDetect Speed 基础款与 Clean & Empty 自动集尘配置合并。,用户确认合并,
IP1251,Shark PowerDetect Cordless Stick Vacuum,无线吸尘器,https://www.sharkninja.com/shark-powerdetect-cordless-stick-vacuum/IP1251.html,PowerDetect Cordless / Clean & Empty,ip-stick,用户圈选：PowerDetect Cordless 基础款、Pet、Clean & Empty 及 Reveal 配置合并。,用户确认合并,
IP1251UK,Shark PowerDetect Cordless Vacuum Cleaner,无线吸尘器,https://www.sharkninja.co.uk/shark-powerdetect-cordless-vacuum-cleaner/IP1251UK.html,PowerDetect Cordless / Clean & Empty,ip-stick,用户圈选：PowerDetect Cordless 基础款、Pet、Clean & Empty 及 Reveal 配置合并。,用户确认合并,
IP1251UKT,Shark PowerDetect Cordless Pet Vacuum Cleaner IP1251UKT,无线吸尘器,https://www.sharkninja.co.uk/shark-powerdetect-cordless-pet-vacuum-cleaner-ip1251ukt/IP1251UKT.html,PowerDetect Cordless / Clean & Empty,ip-stick,用户圈选：PowerDetect Cordless 基础款、Pet、Clean & Empty 及 Reveal 配置合并。,用户确认合并,
IP3251,Shark PowerDetect Cordless Vacuum Clean & Empty System,无线吸尘器,https://www.sharkninja.com/shark-cordless-powerdetect-clean-empty-system/IP3251.html,PowerDetect Cordless / Clean & Empty,ip-stick,用户圈选：PowerDetect Cordless 基础款、Pet、Clean & Empty 及 Reveal 配置合并。,用户确认合并,
IP3251UKT,Shark PowerDetect Clean & Empty Cordless Pet Vacuum Cleaner IP3251UKT,无线吸尘器,https://www.sharkninja.co.uk/shark-powerdetect-clean-empty-cordless-pet-vacuum-cleaner-ip3251ukt/IP3251UKT.html,PowerDetect Cordless / Clean & Empty,ip-stick,用户圈选：PowerDetect Cordless 基础款、Pet、Clean & Empty 及 Reveal 配置合并。,用户确认合并,
IP3256,Shark PowerDetect Reveal Cordless Vacuum Clean & Empty System,无线吸尘器,https://www.sharkninja.com/shark-cordless-powerdetect-reveal-clean-empty/IP3256.html,PowerDetect Cordless / Clean & Empty,ip-stick,用户圈选：PowerDetect Cordless 基础款、Pet、Clean & Empty 及 Reveal 配置合并。,用户确认合并,
IW2241J,Shark CleanSense iQ コードレススティッククリーナー IW2241J,无线吸尘器,https://www.sharkninja.jp/products/iw2241j,CleanSense iQ / iQ+,iw-cleansense,用户蓝框圈选：CleanSense iQ 与 iQ+ 分别展示基础款与带自动集尘底座的配置。,用户确认合并,
IW3241J,Shark CleanSense iQ+ コードレススティッククリーナー IW3241J,无线吸尘器,https://www.sharkninja.jp/products/iw3241j,CleanSense iQ / iQ+,iw-cleansense,用户蓝框圈选：CleanSense iQ 与 iQ+ 分别展示基础款与带自动集尘底座的配置。,用户确认合并,
IW4171J,Shark PowerClean 360 コードレススティッククリーナー IW4171J,无线吸尘器,https://www.sharkninja.jp/products/iw4171j,PowerClean 360 / 360 PRO,iw-powerclean,用户红框圈选：PowerClean 360 与 360 PRO 同合集，代际与配置差异保留在型号卡片中。,用户确认合并,
IW4176J,Shark PowerClean 360 コードレススティッククリーナー IW4176J,无线吸尘器,https://www.sharkninja.jp/products/iw4176j,PowerClean 360 / 360 PRO,iw-powerclean,用户红框圈选：PowerClean 360 与 360 PRO 同合集，代际与配置差异保留在型号卡片中。,用户确认合并,
IW5271J,Shark PowerClean 360 PRO コードレススティッククリーナー IW5271J,无线吸尘器,https://www.sharkninja.jp/products/iw5271j,PowerClean 360 / 360 PRO,iw-powerclean,用户红框圈选：PowerClean 360 与 360 PRO 同合集，代际与配置差异保留在型号卡片中。,用户确认合并,
IX141,Shark Pet Cordless Stick Vacuum,无线吸尘器,https://www.sharkninja.com/shark-pet-cordless-stick-vacuum/IX141.html,,,,暂不合并,
IY143H,Shark Pet Cordless Vacuum,无线吸尘器,https://www.sharkninja.com/shark-pet-cordless-vacuum/IY143H.html,Pet Cordless,iy-pet,用户圈选：IY143H 美英市场型号合并，市场和配件差异保留在型号卡片中。,用户确认合并,
IY143HUK,Shark Cordless Vacuum Cleaner,无线吸尘器,https://www.sharkninja.co.uk/shark-cordless-vacuum-cleaner/IY143HUK.html,Pet Cordless,iy-pet,用户圈选：IY143H 美英市场型号合并，市场和配件差异保留在型号卡片中。,用户确认合并,
IZ373H,Shark PowerPro Pet Cordless Stick Vacuum,无线吸尘器,https://www.sharkninja.com/shark-powerpro-pet-cordless-stick-vacuum/IZ373H.html,PowerPro 系列,iz-powerpro,用户圈选：PowerPro 美英市场型号合并，Pet、Reveal、Flex 与配置差异保留在型号卡片中。,用户确认合并,
IZ380UKFDB,"Shark PowerPro Pet Cordless Stick Vacuum, with Anti Hair Wrap & Floor Detect IZ380UKFDB",无线吸尘器,https://www.sharkninja.co.uk/shark-powerpro-pet-cordless-stick-vacuum-with-anti-hair-wrap-floor-detect-iz380ukfdb/IZ380UKFDB.html,PowerPro 系列,iz-powerpro,用户圈选：PowerPro 美英市场型号合并，Pet、Reveal、Flex 与配置差异保留在型号卡片中。,用户确认合并,
IZ380UKT,"Shark PowerPro Pet Cordless Stick Vacuum, with Anti Hair Wrap & Floor Detect IZ380UKT",无线吸尘器,https://www.sharkninja.co.uk/shark-powerpro-pet-cordless-stick-vacuum-with-anti-hair-wrap-floor-detect-iz380ukt/IZ380UKT.html,PowerPro 系列,iz-powerpro,用户圈选：PowerPro 美英市场型号合并，Pet、Reveal、Flex 与配置差异保留在型号卡片中。,用户确认合并,
IZ381UK,"Shark PowerPro Cordless Stick Vacuum, with Reveal Technology, Anti Hair Wrap & Floor Detect IZ381UK",无线吸尘器,https://www.sharkninja.co.uk/shark-powerpro-cordless-stick-vacuum-with-reveal-technology-anti-hair-wrap-floor-detect-iz381uk/IZ381UK.html,PowerPro 系列,iz-powerpro,用户圈选：PowerPro 美英市场型号合并，Pet、Reveal、Flex 与配置差异保留在型号卡片中。,用户确认合并,
IZ381UKT,"Shark PowerPro Pet Cordless Stick Vacuum, with Reveal Technology, Anti Hair Wrap & Floor Detect IZ381UKT",无线吸尘器,https://www.sharkninja.co.uk/shark-powerpro-pet-cordless-stick-vacuum-with-reveal-technology-anti-hair-wrap-floor-detect-iz381ukt/IZ381UKT.html,PowerPro 系列,iz-powerpro,用户圈选：PowerPro 美英市场型号合并，Pet、Reveal、Flex 与配置差异保留在型号卡片中。,用户确认合并,
IZ382H,Shark PowerPro Cordless Vacuum,无线吸尘器,https://www.sharkninja.com/shark-powerpro-flex-reveal-plus-cordless-vacuum/IZ382H.html,PowerPro 系列,iz-powerpro,用户圈选：PowerPro 美英市场型号合并，Pet、Reveal、Flex 与配置差异保留在型号卡片中。,用户确认合并,
IZ400UK,Shark Stratos Anti Hair Wrap Plus Cordless Vacuum [Single Battery] IZ400UK,无线吸尘器,https://www.sharkninja.co.uk/shark-stratos-anti-hair-wrap-plus-cordless-vacuum-single-battery-iz400uk/IZ400UK.html,Stratos Anti Hair Wrap Plus,iz-stratos,同系列单／双电池及 Pet 配置。,建议合并，待平台核查,
IZ400UKT,Shark Stratos Anti Hair Wrap Plus Pet Pro Cordless Vacuum [Single Battery] IZ400UKT,无线吸尘器,https://www.sharkninja.co.uk/shark-stratos-anti-hair-wrap-plus-pet-pro-cordless-vacuum-single-battery-iz400ukt/IZ400UKT.html,Stratos Anti Hair Wrap Plus,iz-stratos,同系列单／双电池及 Pet 配置。,建议合并，待平台核查,
IZ420UKT,Shark Stratos Anti Hair Wrap Plus Pet Pro Cordless Vacuum [Double Battery] IZ420UKT,无线吸尘器,https://www.sharkninja.co.uk/shark-stratos-anti-hair-wrap-plus-pet-pro-cordless-vacuum-double-battery-iz420ukt/IZ420UKT.html,Stratos Anti Hair Wrap Plus,iz-stratos,同系列单／双电池及 Pet 配置。,建议合并，待平台核查,
LC100J,Shark EVOPOWER SYSTEM FIT コードレススティッククリーナー LC100J,无线吸尘器,https://www.sharkninja.jp/products/lc100j,EVOPOWER SYSTEM FIT / FIT+,lc-fit,FIT 与 FIT+ 同系列，机身型号相邻，配置以 SKU 区分。,用户已圈选,
LC102J,Shark EVOPOWER SYSTEM FIT コードレススティッククリーナー LC102J,无线吸尘器,https://www.sharkninja.jp/products/lc102j,EVOPOWER SYSTEM FIT / FIT+,lc-fit,FIT 与 FIT+ 同系列，机身型号相邻，配置以 SKU 区分。,用户已圈选,
LC103J,Shark EVOPOWER SYSTEM FIT コードレススティッククリーナー LC103JIV,无线吸尘器,https://www.sharkninja.jp/products/lc103j,EVOPOWER SYSTEM FIT / FIT+,lc-fit,FIT 与 FIT+ 同系列，机身型号相邻，配置以 SKU 区分。,用户已圈选,
LC150J,Shark EVOPOWER SYSTEM FIT+ コードレススティッククリーナー LC150J,无线吸尘器,https://www.sharkninja.jp/products/lc150j,EVOPOWER SYSTEM FIT / FIT+,lc-fit,FIT 与 FIT+ 同系列，机身型号相邻，配置以 SKU 区分。,用户已圈选,
LC152J,Shark EVOPOWER SYSTEM FIT+ コードレススティッククリーナー LC152J,无线吸尘器,https://www.sharkninja.jp/products/lc152j,EVOPOWER SYSTEM FIT / FIT+,lc-fit,FIT 与 FIT+ 同系列，机身型号相邻，配置以 SKU 区分。,用户已圈选,
LC200J,Shark EVOPOWER SYSTEM NEO コードレススティッククリーナー LC200J,无线吸尘器,https://www.sharkninja.jp/products/lc200j,EVOPOWER SYSTEM NEO / NEO II,lc-neo,用户指定合并 NEO 与 NEO II；关键参数一致，代际差异保留在各型号卡片中。,用户已圈选,
LC400J,Shark EVOPOWER SYSTEM NEO II コードレススティッククリーナー LC400J,无线吸尘器,https://www.sharkninja.jp/products/lc400j,EVOPOWER SYSTEM NEO / NEO II,lc-neo,用户指定合并 NEO 与 NEO II；关键参数一致，代际差异保留在各型号卡片中。,用户已圈选,
LC600J,Shark EVOPOWER SYSTEM BOOST コードレススティッククリーナー LC600J,无线吸尘器,https://www.sharkninja.jp/products/lc600j,EVOPOWER SYSTEM BOOST / BOOST+,lc-boost,用户圈选：BOOST 与 BOOST+ 合并为一组，各配置和差异保留在型号卡片中。,用户确认合并,https://www.sharkninja.jp/pages/shark-stickcleaner-evopowersystem_boost-spec
LC602J,Shark EVOPOWER SYSTEM BOOST コードレススティッククリーナー LC602J,无线吸尘器,https://www.sharkninja.jp/products/lc602j,EVOPOWER SYSTEM BOOST / BOOST+,lc-boost,用户圈选：BOOST 与 BOOST+ 合并为一组，各配置和差异保留在型号卡片中。,用户确认合并,https://www.sharkninja.jp/pages/shark-stickcleaner-evopowersystem_boost-spec
LC701J,Shark EVOPOWER SYSTEM BOOST+ コードレススティッククリーナー LC701J,无线吸尘器,https://www.sharkninja.jp/products/lc701j,EVOPOWER SYSTEM BOOST / BOOST+,lc-boost,用户圈选：BOOST 与 BOOST+ 合并为一组，各配置和差异保留在型号卡片中。,用户确认合并,https://www.sharkninja.jp/pages/shark-stickcleaner-evopowersystem_boost-spec
LC702J,Shark EVOPOWER SYSTEM BOOST+ コードレススティッククリーナー LC702J,无线吸尘器,https://www.sharkninja.jp/products/lc702j,EVOPOWER SYSTEM BOOST / BOOST+,lc-boost,用户圈选：BOOST 与 BOOST+ 合并为一组，各配置和差异保留在型号卡片中。,用户确认合并,https://www.sharkninja.jp/pages/shark-stickcleaner-evopowersystem_boost-spec
LC751J,Shark EVOPOWER SYSTEM BOOST+ コードレススティッククリーナー LC751J,无线吸尘器,https://www.sharkninja.jp/products/lc751j,EVOPOWER SYSTEM BOOST / BOOST+,lc-boost,用户圈选：BOOST 与 BOOST+ 合并为一组，各配置和差异保留在型号卡片中。,用户确认合并,https://www.sharkninja.jp/pages/shark-stickcleaner-evopowersystem_boost-spec
LC800J,Shark ActiClean コードレススティッククリーナー LC800J,无线吸尘器,https://www.sharkninja.jp/products/lc800j,Shark ActiClean,lc-acticlean,同一 ActiClean 系列的配置型号。,建议合并，待平台核查,https://www.sharkninja.jp/blogs/news/news260820-01
LC900J,Shark ActiClean コードレススティッククリーナー LC900J,无线吸尘器,https://www.sharkninja.jp/products/lc900j,Shark ActiClean,lc-acticlean,同一 ActiClean 系列的配置型号。,建议合并，待平台核查,https://www.sharkninja.jp/blogs/news/news260820-01
LC950J,Shark ActiClean コードレススティッククリーナー LC950J,无线吸尘器,https://www.sharkninja.jp/products/lc950j,Shark ActiClean,lc-acticlean,同一 ActiClean 系列的配置型号。,建议合并，待平台核查,https://www.sharkninja.jp/blogs/news/news260820-01
SV2002,Shark Freestyle Max Cordless Vacuum in Nordic Blue,无线吸尘器,https://www.sharkninja.com/freestyle-max/SV2002HRG.html,,,,暂不合并,
HV251,Shark  Rocket  Corded Stick Vacuum,有线杆式吸尘器,https://www.sharkninja.com/shark-rocket-corded-stick-vacuum/HV251.html,Rocket / Rocket Pro,hv-rocket,用户上框圈选：HV Rocket 与 Rocket Pro 合并展示，各型号保留原商品名称和参数。,用户确认合并,
HV371,Shark Rocket Pro Corded Stick Vacuum,有线杆式吸尘器,https://www.sharkninja.com/shark-rocket-pro-dlx-corded-stick-vacuum/HV371.html,Rocket / Rocket Pro,hv-rocket,用户上框圈选：HV Rocket 与 Rocket Pro 合并展示，各型号保留原商品名称和参数。,用户确认合并,
HZ4002,Shark PowerDetect Corded Stick Vacuum,有线杆式吸尘器,https://www.sharkninja.com/shark-powerdetect-ultra-light-corded-stick-vacuum/HZ4002.html,HZ 有线杆式系列,hz-corded,用户下框圈选：HZ 三款有线杆式产品合并展示，Pet Pro、Detect、PowerDetect 子系列差异保留在型号卡片中。,用户确认合并,
HZ702,Shark Pet Pro Corded Stick Vacuum,有线杆式吸尘器,https://www.sharkninja.com/shark-ultralight-petpro-corded-stick-vacuum/HZ702.html,HZ 有线杆式系列,hz-corded,用户下框圈选：HZ 三款有线杆式产品合并展示，Pet Pro、Detect、PowerDetect 子系列差异保留在型号卡片中。,用户确认合并,
HZ752,Shark Detect Corded Stick Vacuum,有线杆式吸尘器,https://www.sharkninja.com/shark-detect-ultralight-corded-stick-vacuum-with-direction-detect-and-self-cleaning-brushroll/HZ752.html,HZ 有线杆式系列,hz-corded,用户下框圈选：HZ 三款有线杆式产品合并展示，Pet Pro、Detect、PowerDetect 子系列差异保留在型号卡片中。,用户确认合并,
TV301,Shark Rocket Turbo Corded Stick Vacuum,有线杆式吸尘器,https://www.sharkninja.com/shark-rocket-turbo-corded-stick-vacuum/TV301.html,,,,暂不合并,
ZS501,Shark Detect and Reveal Corded Stick Vacuum,有线杆式吸尘器,https://www.sharkninja.com/shark-detect-reveal-corded-stick-vacuum/ZS501.html,,,,暂不合并,
SD201,Shark Steam Pickup Hard Floor Cleaner,洗地机,https://www.sharkninja.com/shark-steam-pickup-3-in-1-hard-floor-cleaner/SD201.html,,,,暂不合并,
VM252,Shark VacMop,洗地机,https://www.sharkninja.com/vacmop-cordless-lightweight-cleaner-hard-floor-vacuum-and-spray-mop/VM252PL.html,,,,暂不合并,
VM401,Shark VacMop Reveal Cordless Vacuum Mop,洗地机,https://www.sharkninja.com/shark-vacmop-reveal-cordless-hard-floor-vacuum-spray-mop-blue/VM401BL.html,,,,暂不合并,
VS101,Shark MessMaster Portable Wet Dry Vacuum,洗地机,https://www.sharkninja.com/shark-messmaster-portable-wetdry-vacuum/VS101.html,,,,暂不合并,
WD161,Shark HydroVac MessMaster Wet Dry Vacuum,洗地机,https://www.sharkninja.com/shark-hydrovac-messmaster-corded-3-in-1-vacuum-mop-and-self-cleaning-system/WD161.html,,,,暂不合并,
WD321,Shark HydroVac Reveal Cordless Wet Dry Vacuum Mop,洗地机,https://www.sharkninja.com/shark-hydrovac-reveal-cordless-wet-dry-vacuum-mop/WD321.html,,,,暂不合并,
WD563,Shark AquaReach Floor to Ceiling Vacuum Mop,洗地机,https://www.sharkninja.com/shark-aquareach-pro-vacuum-mop/WD563.html,,,,暂不合并,
WW201,Shark HydroDuo Wet Dry Hard Floor Cleaner,洗地机,https://www.sharkninja.com/shark-hydroduo-cordless-wet-dry-hard-floor-cleaner/WW201.html,,,,暂不合并,
HT302,Shark Glossi Blow Dryer Brush,热风梳,https://www.sharkninja.com/shark-glossi-2-in-1-hot-tool-and-air-glosser-lychee/HT302PK.html,,,,暂不合并,
HD6052S,Shark Glam 5-in-1 Air Styler & Straightener With Diffuser,直发器,https://www.sharkninja.com/shark-glam-ceramic-powerful-air-styling-drying-system-with-diffuser/HD6052S.html,,,,暂不合并,
HT400,Shark SilkiPro Hair Straightener & Dryer,直发器,https://www.sharkninja.com/shark-silkipro-straight-wet-to-dry-straightener-rapid-blow-dryer-rose-petal/HT400PK.html,,,,暂不合并,
HP062,Shark BreatheClear Air Purifier with NeverChange,空气净化器,https://www.sharkninja.com/shark-breatheclear-compact-pro-with-neverchange-air-purifier-dove/HP062.html,BreatheClear Compact,hp-breatheclear-compact,HP062 跨市场紧凑型型号。,建议合并，待平台核查,
HP062J,Shark BreatheClear 空気清浄機 HP062J,空气净化器,https://www.sharkninja.jp/products/hp062j,BreatheClear Compact,hp-breatheclear-compact,HP062 跨市场紧凑型型号。,建议合并，待平台核查,
HP062UK-MASTER,Shark BreatheClear Compact Air Purifier with NeverChange6,空气净化器,https://www.sharkninja.co.uk/shark-breatheclear-compact-air-purifier-with-neverchange6---dove/HP062UK.html,BreatheClear Compact,hp-breatheclear-compact,HP062 跨市场紧凑型型号。,建议合并，待平台核查,
HP072,Shark NeverChange Compact Pro Air Purifier,空气净化器,https://www.sharkninja.com/shark-neverchange-air-purifier-compact-pro-dove/HP072.html,,,,暂不合并,
HP072UK-MASTER,Shark NeverChange5 Air Purifier Compact Pro,空气净化器,https://www.sharkninja.co.uk/shark-neverchange5-air-purifier-compact-pro-hp072uk/HP072UK.html,,,,暂不合并,
HP102,Shark HEPA Air Purifier,空气净化器,https://www.sharkninja.com/shark-air-purifier-with-true-hepa/HP102.html,,,,暂不合并,
HP150UK,Shark NeverChange5 Air Purifier HP150UK,空气净化器,https://www.sharkninja.co.uk/shark-neverchange5-air-purifier-hp150uk/HP150UK.html,,,,暂不合并,
HP152,Shark NeverChange Air Purifier,空气净化器,https://www.sharkninja.com/shark-neverchange-air-purifier/HP152.html,,,,暂不合并,
HP162,Shark BreatheClear Air Purifier with NeverChange,空气净化器,https://www.sharkninja.com/shark-breatheclear-with-neverchange-air-purifier-dove/HP162.html,BreatheClear,hp-breatheclear,HP162 跨市场型号。,建议合并，待平台核查,
HP162J,Shark BreatheClear 空気清浄機 HP162J,空气净化器,https://www.sharkninja.jp/products/hp162j,BreatheClear,hp-breatheclear,HP162 跨市场型号。,建议合并，待平台核查,
HP162UK-MASTER,Shark BreatheClear with NeverChange Air Purifier,空气净化器,https://www.sharkninja.co.uk/shark-breatheclear-with-neverchange6-air-purifier---dove/HP162UK.html,BreatheClear,hp-breatheclear,HP162 跨市场型号。,建议合并，待平台核查,
HP202,Shark HEPA Air Purifier Max,空气净化器,https://www.sharkninja.com/shark-air-purifier-max-with-true-hepa/HP202.html,,,,暂不合并,
HP232,Shark CleanSense HEPA Air Purifier and Odor Neutralizer,空气净化器,https://www.sharkninja.com/shark-clean-sense-air-purifier-max-with-odor-neutralizer-technology/HP232.html,,,,暂不合并,
HP302,Shark NeverChange Air Purifier Max,空气净化器,https://www.sharkninja.com/shark-neverchange-air-purifier-max/HP302.html,,,,暂不合并,
HP362,Shark BreatheClear Air Purifier Max with NeverChange,空气净化器,https://www.sharkninja.com/shark-breatheclear-max-smart-air-purifier-dove/HP362.html,,,,暂不合并,
AZ3002,Shark Stratos Upright Vacuum,立式吸尘器,https://www.sharkninja.com/shark-stratos-duoclean-powerfins-hairpro-upright-vacuum/AZ3002.html,,,,暂不合并,
AZ3900UKT-MASTER,Shark PowerDetect Powered Lift-Away Upright Pet Vacuum Cleaner,立式吸尘器,https://www.sharkninja.co.uk/shark-powerdetect-powered-lift-away-upright-pet-vacuum-cleaner-az3900ukt/AZ3900UKT.html,,,,暂不合并,
AZ3901,Shark PowerDetect Upright Vacuum with DuoClean Detect,立式吸尘器,https://www.target.com/p/shark-powerdetect-upright-vacuum-with-duoclean-detect-technology-and-self-cleaning-brushroll-purple-az3901/-/A-92409231,,,,暂不合并,
LA362,Shark Navigator Upright Vacuum,立式吸尘器,https://www.sharkninja.com/shark-navigator-lift-away-adv-with-self-cleaning-brushroll/LA362.html,,,,暂不合并,
LA450UKT-MASTER,Shark Detect Pet Pro Expert Corded Upright Vacuum,立式吸尘器,https://www.sharkninja.co.uk/shark-detect-pet-pro-corded-upright-vacuum-la450ukt/LA450UKT.html,Detect 立式系列,la-detect,用户圈选四款 Detect 立式机合并展示，Pet Pro、XL、Pro 与地区配置差异保留在型号卡片中；LA362 Navigator 独立。,用户确认合并,
LA492,Shark Detect Upright Vacuum,立式吸尘器,https://www.sharkninja.com/shark-detect-lift-away-adv-corded-upright-vacuum/LA492.html,Detect 立式系列,la-detect,用户圈选四款 Detect 立式机合并展示，Pet Pro、XL、Pro 与地区配置差异保留在型号卡片中；LA362 Navigator 独立。,用户确认合并,
LA791UKT,Shark Detect XL Pet Pro Corded Upright Vacuum LA791UKT,立式吸尘器,https://www.sharkninja.co.uk/shark-detect-xl-pet-pro-corded-upright-vacuum-la791ukt/LA791UKT.html,Detect 立式系列,la-detect,用户圈选四款 Detect 立式机合并展示，Pet Pro、XL、Pro 与地区配置差异保留在型号卡片中；LA362 Navigator 独立。,用户确认合并,
LA802,Shark Detect Pro Upright Vacuum,立式吸尘器,https://www.sharkninja.com/shark-detectpro-lift-away-adv-upright-vacuum/LA802.html,Detect 立式系列,la-detect,用户圈选四款 Detect 立式机合并展示，Pet Pro、XL、Pro 与地区配置差异保留在型号卡片中；LA362 Navigator 独立。,用户确认合并,
LU250UK,Shark Rotator Upright Vacuum Cleaner – Red Plum,立式吸尘器,https://www.sharkninja.co.uk/shark-rotator-upright-vacuum-cleaner-red-plum/LU250UK.html,,,,暂不合并,
LU250UKT,Shark Rotator Pet Upright Vacuum Cleaner – Dark Purewater Blue,立式吸尘器,https://www.sharkninja.co.uk/shark-rotator-pet-upright-vacuum-cleaner-dark-purewater-blue/LU250UKT.html,,,,暂不合并,
LU251UK,Shark Rotator Upright Vacuum Cleaner – Red Plum,立式吸尘器,https://www.sharkninja.co.uk/shark-rotator-upright-vacuum-cleaner-red-plum/LU251UK.html,,,,暂不合并,
LU251UKT,Shark Rotator Pet Pro Upright Vacuum Cleaner – Dark Purewater Blue,立式吸尘器,https://www.sharkninja.co.uk/shark-rotator-pet-pro-upright-vacuum-cleaner-dark-purewater-blue/LU251UKT.html,,,,暂不合并,
LU252,Shark Rotator Lift-Away Upright Vacuum,立式吸尘器,https://www.sharkninja.com/shark-rotator-lift-away-upright-vacuum/LU252.html,,,,暂不合并,
LX5000,Shark PowerDetect Transformer Upright Vacuum,立式吸尘器,https://www.sharkninja.com/shark-powerdetect-transformer-upright-vacuum/LX5000.html,PowerDetect Transformer,lx-transformer,用户圈选：PowerDetect Transformer 美英市场型号及英国配色配置合并，型号差异保留在卡片中。,用户确认合并,
LX5000UKT,Shark PowerDetect Transformer PowerTrio System Upright Vacuum with Detect and Reveal – Chimera Blue,立式吸尘器,https://www.sharkninja.co.uk/shark-powerdetect-transformer-powertrio-system-upright-vacuum-with-detect-and-reveal-chimera-blue/LX5000UKT.html,PowerDetect Transformer,lx-transformer,用户圈选：PowerDetect Transformer 美英市场型号及英国配色配置合并，型号差异保留在卡片中。,用户确认合并,
LX5001UKT,Shark PowerDetect Transformer PowerTrio System Upright Vacuum with Detect and Reveal – Deep Sage Green,立式吸尘器,https://www.sharkninja.co.uk/shark-powerdetect-transformer-powertrio-system-upright-vacuum-with-detect-and-reveal-deep-sage-green/LX5001UKT.html,PowerDetect Transformer,lx-transformer,用户圈选：PowerDetect Transformer 美英市场型号及英国配色配置合并，型号差异保留在卡片中。,用户确认合并,
NV181,Shark Navigator Swivel Pro Upright Vacuum,立式吸尘器,https://www.target.com/p/shark-navigator-swivel-pro-upright-vacuum-nv181/-/A-90571431,,,,暂不合并,
NV360,Shark Navigator Deluxe Upright Vacuum,立式吸尘器,https://www.sharkninja.com/shark-navigator-lift-away-deluxe-upright-vacuum/NV360.html,,,,暂不合并,
NV603UK,Shark Classic Upright Vacuum NV603UK,立式吸尘器,https://www.sharkninja.co.uk/shark-classic-upright-vacuum-nv603uk/NV603UK.html,,,,暂不合并,
NZ780UKT,Shark Anti Hair Wrap Plus Upright Pet Vacuum with Lift-Away NZ780UKT,立式吸尘器,https://www.sharkninja.co.uk/shark-anti-hair-wrap-plus-upright-pet-vacuum-with-lift-away-nz780ukt/NZ780UKT.html,,,,暂不合并,
NZ801UKT,Shark Classic Anti Hair Wrap Upright Pet Vacuum NZ801UKT,立式吸尘器,https://www.sharkninja.co.uk/shark-classic-anti-hair-wrap-upright-pet-vacuum-nz801ukt/NZ801UKT.html,,,,暂不合并,
SV2000UK-MASTER,Shark Freestyle Max Cordless Upright Vacuum,立式吸尘器,https://www.sharkninja.co.uk/shark-freestyle-pro-cordless-upright-vacuum/SV2000UK.html,,,,暂不合并,
ZU102,Shark Rotator Pet Upright Vacuum,立式吸尘器,https://www.sharkninja.com/shark-rotator-pet-upright-vacuum-with-powerfins-hairpro-and-odor-neutralizer-technology/ZU102.html,,,,暂不合并,
HD400SN,Shark FlexStyle Build Your Own in Stone,美发造型,https://www.sharkninja.com/build-your-own-shark-flexstyle-air-styling-drying-system-stone/HD400SN.html,,,,暂不合并,
HD426SLUK,"Shark FlexStyle Air Styler & Hair Dryer, 3-in-1 - Stone",美发造型,https://www.sharkninja.co.uk/shark-flexstyle-hair-styler-and-dryer-hd426sluk/HD426SLUK.html,,,,暂不合并,
HD430,Shark FlexStyle 4-in-1 Air Styling & Drying System,美发造型,https://www.sharkninja.com/shark-flexstyle-air-styling-drying-system/HD430.html,,,,暂不合并,
HD432PKUK,"Shark FlexStyle Air Styler & Hair Dryer, 4-in-1 - Pearl Pink",美发造型,https://www.sharkninja.co.uk/shark-flexstyle-limited-edition-pearl-pink-4-in-1-air-styler-hair-dryer-gift-set-hd432pkuk/HD432PKUK.html,,,,暂不合并,
HD434,Shark FlexStyle Air Styling & Drying System,美发造型,https://www.sharkninja.com/shark-flexstyle-air-styling-drying-system-glacial-blue/HD434WH.html,,,,暂不合并,
HD434UKPU,"Shark FlexStyle Air Styler & Hair Dryer, 4-in-1 - Orchid Sunrise",美发造型,https://www.sharkninja.co.uk/shark-flexstyle-air-styler-hair-dryer---limited-edition-orchid-sunrise-hd434ukpu/HD434UKPU.html,,,,暂不合并,
HD435,Shark FlexStyle 4-in-1 Air Styling & Drying System With Diffuser,美发造型,https://www.sharkninja.com/shark-flexstyle-air-styling-drying-system-with-diffuser/HD435.html,,,,暂不合并,
HD440BK,Shark FlexStyle 5-in-1 Air Styling & Drying System,美发造型,https://www.sharkninja.com/shark-flexstyle-air-styling-drying-system-ultimate-6-piece-accessory-pack/HD440BK.html,,,,暂不合并,
HD446UK-MASTER,"Shark FlexStyle Air Styler & Hair Dryer, 5-in-1 with Storage Case",美发造型,https://www.sharkninja.co.uk/shark-flexstyle-5-in-1-air-styler-hair-dryer-with-storage-case-black-hd446uk/HD446UK.html,,,,暂不合并,
HD449PK1,Shark FlexStyle Marilyn Monroe 4-in-1 Air Styling & Drying System,美发造型,https://www.sharkninja.com/shark-flexstyle-x-marilyn-monroe-air-styling-drying-system/HD449PK1.html,,,,暂不合并,
HD449UKPK1,"Shark FlexStyle Air Styler & Hair Dryer, 4-in-1 - Marilyn Monroe Centenary Edition MM 100",美发造型,https://www.sharkninja.co.uk/shark-flexstyle-air-styler-hair-dryer---marilyn-monroe-centenary--limited-edition/HD449UKPK1.html,,,,暂不合并,
HD6000PKSN,Shark Glam Build Your Own Air Styler & Straightener in Pink,美发造型,https://www.sharkninja.com/build-your-own-shark-glam-hot-tool-air-styling-drying-system/HD6000PKSN.html,,,,暂不合并,
HD6041SUK,"Shark Glam Air Styler, Straightener & Dryer System, 4-in-1 - Gold",美发造型,https://www.sharkninja.co.uk/shark-glam-ceramic-air-styling-and-drying-system-hd6041suk/HD6041SUK.html,,,,暂不合并,
HD6042SUKPL,"Shark Glam Air Styler, Straightener & Dryer System, 4-in-1 with Storage Case - Starlight Dream",美发造型,https://www.sharkninja.co.uk/shark-glam-ceramic-air-styling-and-drying-system-starlight-dream-hd6042sukpl/HD6042SUKPL.html,,,,暂不合并,
HD6051S,Shark Glam 5-in-1 Air Styler & Straightener,美发造型,https://www.sharkninja.com/shark-glam-hair-styler-strawberry-matcha/HD6051SPK1.html,,,,暂不合并,
HD6051SUK-MASTER,"Shark Glam Air Styler, Straightener & Dryer System, 5-in-1",美发造型,https://www.sharkninja.co.uk/shark-glam-ceramic-air-styling-and-drying-system-with-frizzfighter-hd6051suk/HD6051SUK.html,,,,暂不合并,
HD6052SUK,"Shark Glam Air Styler, Straightener & Dryer System, 5-in-1 with Diffuser - Gold",美发造型,https://www.sharkninja.co.uk/shark-glam-ceramic-air-styling-and-drying-system-with-diffuser-hd6052suk/HD6052SUK.html,,,,暂不合并,
HD840,Shark FlexStyle IonCurl Air Styler & Curler,美发造型,https://www.sharkninja.com/shark-flexstyle-ioncurl-hair-styler-blue/HD840.html,FlexStyle IonCurl,hd-ioncurl,IonCurl 同系列，颜色、扩散风嘴和配件数量配置。,建议合并，待平台核查,
HD840PU,Shark FlexStyle IonCurl,美发造型,https://www.sharkninja.com/shark-flexstyle-ioncurl-hair-styler-in-lilac/HD840PU.html,FlexStyle IonCurl,hd-ioncurl,IonCurl 同系列，颜色、扩散风嘴和配件数量配置。,建议合并，待平台核查,
HD840UKPU,"Shark FlexStyle IonCurl Air Styler & Hair Dryer, 4-in-1 - Lilac",美发造型,https://www.sharkninja.co.uk/shark-flexstyle-ioncurl-air-styler-hair-dryer-4-in-1-lilac/HD840UKPU.html,FlexStyle IonCurl,hd-ioncurl,IonCurl 同系列，颜色、扩散风嘴和配件数量配置。,建议合并，待平台核查,
HD850UKPK,"Shark FlexStyle IonCurl Air Styler & Hair Dryer, 5-in-1 - Pink",美发造型,https://www.sharkninja.co.uk/shark-flexstyle-ioncurl-hair-styler-and-dryer---pink/HD850UKPK.html,FlexStyle IonCurl,hd-ioncurl,IonCurl 同系列，颜色、扩散风嘴和配件数量配置。,建议合并，待平台核查,
HD851UKPK,"Shark FlexStyle IonCurl Air Styler & Hair Dryer, 5-in-1 with Diffuser - Pink",美发造型,https://www.sharkninja.co.uk/shark-flexstyle-ioncurl-air-styler-hair-dryer-5-in-1-with-diffuser-pink/HD851UKPK.html,FlexStyle IonCurl,hd-ioncurl,IonCurl 同系列，颜色、扩散风嘴和配件数量配置。,建议合并，待平台核查,
FH220,Shark Depuffi Contrast Therapy Device,美容仪,https://www.sharkninja.com/shark-depuffi--in-pink/FH220PK.html,,,,暂不合并,
FH310,Shark FacialPro Glow At Home Hydrating Facial System,美容仪,https://www.sharkninja.com/shark-facialpro-at-home-hydrating-facial-system-pink/FH310PK.html,,,,暂不合并,
FH320,Shark FacialPro Glow & Depuffi At-Home Hydrating Facial System,美容仪,https://www.sharkninja.com/shark-facialpro-glow-at-home-hydrating-facial-system-strawberry/FH320PK2.html,,,,暂不合并,
S1000,Shark Steam Mop,蒸汽清洁,https://www.sharkninja.com/shark-steam-mop/S1000.html,,,,暂不合并,
S1000J,Shark スチームモップ,蒸汽清洁,https://www.sharkninja.jp/products/s1000j,,,,暂不合并,
S1000UK,Shark Classic Steam Mop S1000UK,蒸汽清洁,https://www.sharkninja.co.uk/shark-classic-steam-mop-s1000uk/S1000UK.html,,,,暂不合并,
S2001,Shark SteamSpot Steam Mop,蒸汽清洁,https://www.sharkninja.com/shark-steamspot-steam-mop-with-steam-blaster/S2001.html,,,,暂不合并,
S2001UK,Shark SteamSpot with Steam Blaster Technology S2001UK,蒸汽清洁,https://www.sharkninja.co.uk/shark-steamspot-with-steam-blaster-technology-s2001uk/S2001UK.html,,,,暂不合并,
S3972BRN,Shark LiftAway Steam Mop & Detachable Steam Cleaner,蒸汽清洁,https://www.sharkninja.com/shark-lift-away-5-in-1-steam-mop-with-detachable-handheld-steamer/S3972BRN.html,,,,暂不合并,
S6003UK,Shark Klik n’ Flip Automatic Steam Mop S6003UK,蒸汽清洁,https://www.sharkninja.co.uk/shark-klik-n-flip-automatic-steam-mop-s6003uk/S6003UK.html,,,,暂不合并,
S6005UK,Shark Floor & Handheld Steam Cleaner S6005UK,蒸汽清洁,https://www.sharkninja.co.uk/shark-floor-handheld-steam-cleaner-s6005uk/S6005UK.html,,,,暂不合并,
S8201,Shark Steam & Scrub Automatic Steam Mop,蒸汽清洁,https://www.sharkninja.com/shark-steam-scrub-steam-scrubbing-and-sanitizing-steam-blaster-mop/S8201.html,Steam & Scrub,s-steam-scrub,S8201 跨市场型号与 Deluxe Black 配色。,建议合并，待平台核查,
S8201J,Shark STEAM & SCRUB 回転スチームモップ S8201J,蒸汽清洁,https://www.sharkninja.jp/products/s8201j,Steam & Scrub,s-steam-scrub,S8201 跨市场型号与 Deluxe Black 配色。,建议合并，待平台核查,
S8201UK,Shark Steam & Scrub Automatic Steam Mop with Steam Blaster S8201UK,蒸汽清洁,https://www.sharkninja.co.uk/shark-steam-scrub-automatic-steam-mop-with-steam-blaster-s8201uk/S8201UK.html,Steam & Scrub,s-steam-scrub,S8201 跨市场型号与 Deluxe Black 配色。,建议合并，待平台核查,
S8201UKDB,Shark Deluxe Black Steam & Scrub Automatic Steam Mop with Steam Blaster S8201UKDB,蒸汽清洁,https://www.sharkninja.co.uk/shark-deluxe-black-steam-scrub-automatic-steam-mop-with-steam-blaster-s8201ukdb/S8201UKDB.html,Steam & Scrub,s-steam-scrub,S8201 跨市场型号与 Deluxe Black 配色。,建议合并，待平台核查,
SD200UK,Shark SteamPickUp Hard Floor Cleaner SD200UK,蒸汽清洁,https://www.sharkninja.co.uk/shark-steampickup-hard-floor-cleaner-sd200uk/SD200UK.html,,,,暂不合并,
FA022,Shark ChillPill Personal Fan and Cooling System,风扇,https://www.sharkninja.com/shark-chillpill-3-in-1-personal-cooling-system-glacier-/FA022BL.html,ChillPill,fa-chillpill,FA022 跨市场个人风扇。,建议合并，待平台核查,
FA022J,Shark ChillPill パーソナルクーリングファン FA022J,风扇,https://www.sharkninja.jp/products/fa022j,ChillPill,fa-chillpill,FA022 跨市场个人风扇。,建议合并，待平台核查,
FA022UK,Shark ChillPill 3-in-1 Personal Cooling Fan,风扇,https://www.sharkninja.co.uk/shark-chillpill-3-in-1-fan-mist-instachill-system-carbon-fa022uk/FA022UK.html,ChillPill,fa-chillpill,FA022 跨市场个人风扇。,建议合并，待平台核查,
FA050UK-MASTER,Shark FlexBreeze HydroGo Misting Fan,风扇,https://www.sharkninja.co.uk/shark-flexbreeze-hydrogo-misting-fan/FA050UK-MASTER.html,FlexBreeze HydroGo,fa-hydrogo,HydroGo 同系列跨市场型号。,建议合并，待平台核查,
FA052-MASTER,Shark FlexBreeze HydroGo,风扇,https://www.sharkninja.com/shark-flexbreeze-hydrogo-misting-portable-fan/FA052-MASTER.html,FlexBreeze HydroGo,fa-hydrogo,HydroGo 同系列跨市场型号。,建议合并，待平台核查,
FA052J,Shark FlexBreeze HydroGo コードレスサーキュレーターファン FA052J,风扇,https://www.sharkninja.jp/products/fa052j,FlexBreeze HydroGo,fa-hydrogo,HydroGo 同系列跨市场型号。,建议合并，待平台核查,
FA056,Shark FlexBreeze HydroGo Pro Fan,风扇,https://www.sharkninja.com/shark-flexbreeze-hydrogo-pro-fan-pink-diamond/FA056PK9.html,,,,暂不合并,
FA202,Shark FlexBreeze Indoor & Outdoor Pedestal Fan,风扇,https://www.sharkninja.com/shark-flexbreeze-indoor-outdoor-pedestal-table-fan-with-cover/FA202.html,,,,暂不合并,
FA220UK,Shark FlexBreeze Portable Fan,风扇,https://www.sharkninja.co.uk/shark-flexbreeze-portable-fan-fa220uk/FA220UK.html,,,,暂不合并,
FA222,Shark FlexBreeze Misting Fan,风扇,https://www.sharkninja.com/shark-flexbreeze-fan-with-instacool-mist-attachment/FA222.html,,,,暂不合并,
FA222J,Shark FlexBreeze コードレスサーキュレーターファン FA222J,风扇,https://www.sharkninja.jp/products/fa222j,,,,暂不合并,
FA300UK,Shark FlexBreeze Pro Mist Indoor & Outdoor Fan,风扇,https://www.sharkninja.co.uk/shark-flexbreeze-pro-mist-indoor-outdoor-fan-outdoor-misting-system-fa300uk/FA300UK.html,FlexBreeze Pro Mist,fa-promist,Pro Mist 同系列跨市场型号。,建议合并，待平台核查,
FA302,Shark FlexBreeze Pro Mist Indoor & Outdoor Fan,风扇,https://www.sharkninja.com/shark-flexbreeze-pro-mist-indoor-outdoor-pedestal-table-fan-with-water-tank-dove/FA302WH.html,FlexBreeze Pro Mist,fa-promist,Pro Mist 同系列跨市场型号。,建议合并，待平台核查,
FA302J,Shark FlexBreeze Pro Mist コードレスサーキュレーターファン FA302J,风扇,https://www.sharkninja.jp/products/fa302j,FlexBreeze Pro Mist,fa-promist,Pro Mist 同系列跨市场型号。,建议合并，待平台核查,
TF200SJ,Shark TURBOBLADE ハイパワータワーファン TF200SJ,风扇,https://www.sharkninja.jp/products/tf200sj,,,,暂不合并,
TF200SUK,Shark TurboBlade High-Speed Cooling Fan,风扇,https://www.sharkninja.co.uk/shark-turboblade-high-speed-multi-directional-cooling-fan-system/TF200SUK.html,,,,暂不合并,
TF202S,Shark TurboBlade Bladeless Tower Fan,风扇,https://www.sharkninja.com/shark-turboblade-fan-ultra-customizable-bladeless-tower-fan/TF202SYL.html,,,,暂不合并,
