model,product_name,market,release_date,status,official_product_url,official_news_url
RVD120X1JP,Shark Zen Pro D10 ロボット掃除機,JP,2026-09-25,已上市,https://www.sharkninja.jp/products/rvd120x1jp,https://www.sharkninja.jp/blogs/news/news260915-01
HP162J,Shark BreatheClear 空気清浄機 HP162J,JP,2026-09-25,已上市,https://www.sharkninja.jp/products/hp162j,https://www.sharkninja.jp/blogs/news/news260820-03
HP062J,Shark BreatheClear 空気清浄機 HP062J,JP,2026-09-25,已上市,https://www.sharkninja.jp/products/hp062j,https://www.sharkninja.jp/blogs/news/news260820-03
LC950J,Shark ActiClean コードレススティッククリーナー LC950J,JP,2026-09-07,已上市,https://www.sharkninja.jp/products/lc950j,https://www.sharkninja.jp/blogs/news/news260820-01
LC900J,Shark ActiClean コードレススティッククリーナー LC900J,JP,2026-09-07,已上市,https://www.sharkninja.jp/products/lc900j,https://www.sharkninja.jp/blogs/news/news260820-01
LC800J,Shark ActiClean コードレススティッククリーナー LC800J,JP,2026-09-07,已上市,https://www.sharkninja.jp/products/lc800j,https://www.sharkninja.jp/blogs/news/news260820-01
WD563,Shark AquaReach Floor to Ceiling Vacuum Mop,US,2026-08-18,已上市,https://www.sharkninja.com/shark-aquareach-pro-vacuum-mop/WD563.html,https://newsroom.sharkninja.com/shark-launches-aquareach-the-first-vacuum-mop-system-with-extendable-wand-designed-to-clean-beyond-the-floor/
HD840PU,Shark FlexStyle IonCurl,US,2026-07-06,已上市,https://www.sharkninja.com/shark-flexstyle-ioncurl-hair-styler-in-lilac/HD840PU.html,https://newsroom.sharkninja.com/shark-beauty-launches-flexstyle-ioncurl-the-most-powerful-multi-styler-yet/
HD840,Shark FlexStyle IonCurl Air Styler & Curler,US,2026-07-06,已上市,https://www.sharkninja.com/shark-flexstyle-ioncurl-hair-styler-blue/HD840.html,https://newsroom.sharkninja.com/shark-beauty-launches-flexstyle-ioncurl-the-most-powerful-multi-styler-yet/
LX5000,Shark PowerDetect Transformer Upright Vacuum,US,2026-06-30,已上市,https://www.sharkninja.com/shark-powerdetect-transformer-upright-vacuum/LX5000.html,https://newsroom.sharkninja.com/sharkninja-launches-the-shark-powerdetect-transformer-three-vacuums-one-system-zero-compromises/
EX551,Shark CarpetForce HairPro Upright Carpet Cleaner,US,2026-06-08,已上市,https://www.sharkninja.com/shark-carpetforce-hairpro-upright-carpet-cleaner-copper/EX551.html,https://newsroom.sharkninja.com/sharkninja-introduces-the-shark-carpetforce-collection-reinventing-carpet-cleaning-for-everyday-life/
EX500,Shark CarpetForce Upright Carpet Cleaner,US,2026-06-08,已上市,https://www.sharkninja.com/shark-carpetforce-upright-carpet-cleaner/EX500.html,https://newsroom.sharkninja.com/sharkninja-introduces-the-shark-carpetforce-collection-reinventing-carpet-cleaning-for-everyday-life/
IW5271J,Shark PowerClean 360 PRO コードレススティッククリーナー IW5271J,JP,2026-06-04,已上市,https://www.sharkninja.jp/products/iw5271j,https://www.sharkninja.jp/blogs/news/20260521-01
IA3241,Shark PowerDetect Speed Cordless Vacuum Clean & Empty System,US,2026-04-14,已上市,https://www.sharkninja.com/shark-powerdetect-speed-clean-empty-system/IA3241.html,https://newsroom.sharkninja.com/sharkninja-introduces-shark-powerdetect-speed-clean-empty-system/
HP362,Shark BreatheClear Air Purifier Max with NeverChange,US,2026-04-08,已上市,https://www.sharkninja.com/shark-breatheclear-max-smart-air-purifier-dove/HP362.html,https://newsroom.sharkninja.com/sharkninja-introduces-shark-breatheclear-max-with-neverchange-proactive-purification-intelligent-air-analysis-purpose-built-to-act-before-air-quality-drops/
AB2000J,Shark BlastBoss コードレスブロワー AB2000J,JP,2026-10-15,官方延期，尚未上市,https://www.sharkninja.jp/products/ab2000j,https://www.sharkninja.jp/blogs/news/news260910-01
AB2111J,Shark BlastBoss コードレスブロワー AB2111J,JP,2026-10-15,官方延期，尚未上市,https://www.sharkninja.jp/products/ab2111j,https://www.sharkninja.jp/blogs/news/news260910-01
